;Tamaina;Eraikitzailea;ILS;ILS time;EDA;EDA time
0;350;0.16892554838574314;0.4804784425332715;30.04819130897522;0.4609675297387459;1048.2107360363007
